transaction_id,timestamp,customer_id,product_id,quantity,unit,total,payment_method,status
T000001,2023-05-09 12:27:27,C7603,P128,6,355.97,2135.82,Bank Transfer,Completed
T000002,2023-04-07 11:11:19,C1174,P675,1,446.94,446.94,Credit Card,Failed
T000003,2023-09-09 16:10:10,C7138,P198,2,288.69,577.38,PayPal,Failed
T000004,2023-10-16 22:22:03,C7138,P144,3,491.58,1474.74,PayPal,Completed
T000005,2023-03-23 15:34:20,C7138,P346,3,233.64,700.92,Bank Transfer,Completed
T000006,2023-05-17 02:15:08,C7138,P281,10,270.21,2702.1,Bank Transfer,Refunded
T000007,2023-02-08 23:59:41,C7138,P902,7,291.08,2037.56,Bank Transfer,Failed
T000008,2023-10-01 22:54:27,C5390,P562,5,476.67,2383.35,PayPal,Failed
T000009,2023-10-11 08:03:22,C2130,P841,3,217.46,652.38,PayPal,Failed
T000010,2023-02-20 08:20:54,C9156,P186,3,494.91,1484.73,Credit Card,Refunded
T000011,2023-04-07 19:06:39,C8167,P309,10,41.38,413.8,Bank Transfer,Refunded
T000012,2023-08-19 09:59:34,C8167,P148,5,95.85,479.25,Bank Transfer,Refunded
T000013,2023-01-18 08:56:49,C8167,P752,9,243.71,2193.39,Bank Transfer,Refunded
T000014,2023-09-26 04:59:11,C2764,P750,10,367.12,3671.2,Bank Transfer,Refunded
T000015,2023-05-11 07:44:55,C5122,P917,7,225.62,1579.34,Credit Card,Failed
T000016,2023-01-13 21:13:12,C9752,P221,4,410.48,1641.92,Credit Card,Completed
T000017,2023-12-16 09:17:30,C4002,P230,7,199.82,1398.74,Credit Card,Refunded
T000018,2023-03-19 03:10:16,C4002,P676,4,182.74,730.96,Credit Card,Failed
T000019,2023-11-16 14:20:25,C4002,P607,8,281.02,2248.16,Bank Transfer,Completed
T000020,2023-07-24 16:02:21,C6437,P844,5,62.33,311.65,Credit Card,Completed
T000021,2023-03-16 06:31:32,C6437,P199,8,472.33,3778.64,Bank Transfer,Refunded
T000022,2023-03-19 11:49:06,C6437,P675,10,322.68,3226.8,PayPal,Completed
T000023,2023-04-04 01:09:30,C6159,P850,2,301.93,603.86,PayPal,Refunded
T000024,2023-05-31 05:12:31,C6159,P865,3,30.17,90.51,Bank Transfer,Completed
T000025,2023-12-01 04:42:40,C1893,P802,10,48.27,482.7,Bank Transfer,Failed
T000026,2023-09-03 18:28:07,C3574,P892,1,109.22,109.22,Credit Card,Failed
T000027,2023-10-03 16:26:56,C1170,P134,6,413.19,2479.14,Bank Transfer,Completed
T000028,2023-08-03 01:44:40,C9659,P752,9,21.47,193.23,Credit Card,Failed
T000029,2023-09-16 15:04:48,C9659,P197,7,272.26,1905.82,Credit Card,Failed
T000030,2023-07-21 04:28:28,C4038,P456,4,141.03,564.12,PayPal,Completed
T000031,2023-09-01 05:23:51,C3359,P171,6,73.63,441.78,Bank Transfer,Refunded
T000032,2023-02-11 00:38:04,C8198,P534,3,453.97,1361.91,Credit Card,Refunded
T000033,2023-10-07 10:47:57,C2034,P213,9,175.19,1576.71,PayPal,Completed
T000034,2023-07-29 13:06:26,C2034,P802,7,383.04,2681.28,Credit Card,Refunded
T000035,2023-04-14 21:40:51,C2034,P971,1,270.18,270.18,Bank Transfer,Failed
T000036,2023-09-04 06:29:13,C2034,P989,3,260.86,782.58,Credit Card,Failed
T000037,2023-06-22 23:45:03,C2034,P962,7,483.28,3382.96,Credit Card,Refunded
T000038,2023-01-23 01:17:05,C4413,P659,10,269.33,2693.3,PayPal,Refunded
T000039,2023-06-25 23:19:04,C2522,P312,3,295.97,887.91,PayPal,Completed
T000040,2023-08-27 23:50:51,C8900,P964,9,226.04,2034.36,PayPal,Completed
T000041,2023-06-23 18:32:02,C8484,P299,1,107.1,107.1,Credit Card,Refunded
T000042,2023-11-25 19:55:57,C9316,P808,4,157.5,630.0,Bank Transfer,Refunded
T000043,2023-08-18 22:58:34,C9316,P887,3,218.86,656.58,Bank Transfer,Refunded
T000044,2023-12-28 02:37:58,C9316,P221,2,332.43,664.86,Bank Transfer,Failed
T000045,2023-02-26 16:17:45,C9316,P871,9,132.86,1195.74,PayPal,Completed
T000046,2023-01-31 12:33:06,C6881,P379,10,150.11,1501.1,Bank Transfer,Refunded
T000047,2023-04-24 10:21:04,C1470,P383,4,473.61,1894.44,Credit Card,Failed
T000048,2023-03-20 09:57:29,C9995,P917,4,495.13,1980.52,Credit Card,Failed
T000049,2023-04-07 19:18:01,C4075,P738,8,84.6,676.8,PayPal,Failed
T000050,2023-04-24 00:44:59,C4232,P753,9,68.72,618.48,Bank Transfer,Completed
T000051,2023-09-12 07:23:51,C9324,P100,9,21.33,191.97,Bank Transfer,Completed
T000052,2023-06-09 15:50:08,C9324,P634,2,306.04,612.08,Bank Transfer,Refunded
T000053,2023-11-11 15:38:15,C9324,P112,2,106.46,212.92,Bank Transfer,Refunded
T000054,2023-01-28 18:51:41,C8157,P347,5,455.57,2277.85,PayPal,Failed
T000055,2023-10-10 14:49:39,C7468,P385,9,403.1,3627.9,Credit Card,Refunded
T000056,2023-08-09 14:49:30,C7468,P659,8,357.5,2860.0,Bank Transfer,Failed
T000057,2023-05-03 09:48:45,C7468,P870,6,264.49,1586.94,Credit Card,Completed
T000058,2023-05-22 06:52:06,C7468,P291,1,269.13,269.13,Bank Transfer,Completed
T000059,2023-09-06 07:56:32,C8399,P603,2,136.56,273.12,PayPal,Failed
T000060,2023-05-07 02:07:10,C8927,P742,5,238.69,1193.45,Credit Card,Refunded
T000061,2023-01-22 19:18:48,C8927,P604,10,105.22,1052.2,PayPal,Completed
T000062,2023-08-03 14:22:53,C8927,P846,1,371.42,371.42,Credit Card,Completed
T000063,2023-03-19 14:45:29,C8927,P395,4,37.43,149.72,Credit Card,Completed
T000064,2023-05-22 00:53:14,C8927,P490,9,118.56,1067.04,Credit Card,Completed
T000065,2023-08-25 05:21:21,C3854,P142,2,15.1,30.2,PayPal,Refunded
T000066,2023-07-03 07:05:04,C9159,P883,3,302.8,908.4,Credit Card,Failed
T000067,2023-10-25 22:58:01,C9159,P272,8,24.96,199.68,PayPal,Completed
T000068,2023-06-29 05:35:11,C9159,P579,8,135.09,1080.72,PayPal,Failed
T000069,2023-01-03 09:02:42,C9159,P121,8,193.03,1544.24,PayPal,Failed
T000070,2023-09-16 10:00:20,C8702,P420,7,324.25,2269.75,Bank Transfer,Completed
T000071,2023-06-13 03:44:30,C3247,P591,8,197.33,1578.64,Credit Card,Refunded
T000072,2023-10-04 07:42:00,C3247,P761,3,58.3,174.9,PayPal,Refunded
T000073,2023-03-23 03:37:14,C3247,P673,8,431.98,3455.84,Credit Card,Failed
T000074,2023-04-19 18:55:06,C6347,P804,8,328.28,2626.24,PayPal,Failed
T000075,2023-06-20 08:00:25,C9768,P951,4,348.24,1392.96,PayPal,Refunded
T000076,2023-02-07 11:40:31,C3198,P973,4,154.1,616.4,PayPal,Failed
T000077,2023-04-09 13:39:41,C8601,P961,7,168.97,1182.79,Bank Transfer,Refunded
T000078,2023-06-28 00:42:36,C8601,P418,9,54.36,489.24,PayPal,Failed
T000079,2023-06-22 03:15:54,C8601,P596,9,313.92,2825.28,Credit Card,Completed
T000080,2023-11-13 22:22:19,C8601,P883,10,381.37,3813.7,Credit Card,Refunded
T000081,2023-09-30 12:06:03,C2990,P546,6,378.01,2268.06,PayPal,Failed
T000082,2023-06-30 03:31:29,C9300,P114,9,259.83,2338.47,Credit Card,Failed
T000083,2023-01-16 09:54:34,C5250,P314,1,220.45,220.45,Credit Card,Failed
T000084,2023-05-10 11:34:44,C8107,P577,9,18.03,162.27,Credit Card,Failed
T000085,2023-12-23 17:02:33,C8107,P547,4,402.92,1611.68,PayPal,Failed
T000086,2023-03-04 21:04:36,C8107,P380,1,382.11,382.11,Bank Transfer,Completed
T000087,2023-10-08 04:38:25,C8107,P251,1,232.69,232.69,Credit Card,Completed
T000088,2023-06-13 09:45:48,C8107,P117,7,242.85,1699.95,Credit Card,Refunded
T000089,2023-09-12 12:23:24,C3886,P862,3,449.45,1348.35,PayPal,Completed
T000090,2023-10-21 14:55:07,C7859,P195,2,347.85,695.7,Credit Card,Refunded
T000091,2023-11-27 14:14:35,C9138,P450,1,129.54,129.54,PayPal,Completed
T000092,2023-01-04 20:49:43,C9758,P721,4,72.39,289.56,PayPal,Refunded
T000093,2023-05-25 19:22:30,C9758,P495,3,475.41,1426.23,Credit Card,Failed
T000094,2023-09-09 00:11:16,C9758,P484,6,233.51,1401.06,Bank Transfer,Completed
T000095,2023-10-09 20:05:50,C9758,P485,7,318.74,2231.18,PayPal,Completed
T000096,2023-04-15 05:20:39,C6200,P514,1,222.78,222.78,PayPal,Completed
T000097,2023-02-16 06:41:57,C8526,P711,9,114.07,1026.63,Bank Transfer,Refunded
T000098,2023-11-24 03:02:15,C8526,P250,9,362.27,3260.43,Bank Transfer,Refunded
T000099,2023-11-27 23:07:07,C8526,P148,2,290.09,580.18,Credit Card,Refunded
T000100,2023-06-17 16:23:07,C8526,P134,1,375.82,375.82,PayPal,Failed
T000101,2023-12-25 01:45:41,C8526,P773,9,78.71,708.39,Bank Transfer,Refunded
T000102,2023-01-17 17:43:09,C9273,P970,7,358.89,2512.23,Bank Transfer,Refunded
T000103,2023-12-09 03:36:17,C8210,P224,2,61.8,123.6,PayPal,Failed
T000104,2023-10-26 02:42:50,C8210,P997,4,326.82,1307.28,PayPal,Refunded
T000105,2023-05-08 02:50:49,C8210,P743,5,489.43,2447.15,PayPal,Failed
T000106,2023-06-17 20:52:09,C6757,P164,6,350.48,2102.88,PayPal,Completed
T000107,2023-04-29 06:55:42,C9537,P557,6,153.13,918.78,Credit Card,Refunded
T000108,2023-06-29 14:35:41,C8479,P855,1,147.89,147.89,Credit Card,Completed
T000109,2023-09-27 04:03:38,C5545,P440,2,406.72,813.44,PayPal,Completed
T000110,2023-04-13 00:24:17,C5545,P384,4,387.87,1551.48,PayPal,Failed
T000111,2023-12-11 18:01:24,C7497,P214,10,279.71,2797.1,Credit Card,Completed
T000112,2023-07-22 18:11:14,C7497,P439,1,290.33,290.33,Bank Transfer,Refunded
T000113,2023-12-06 07:32:08,C7497,P774,3,462.11,1386.33,PayPal,Failed
T000114,2023-06-28 07:00:24,C2312,P762,7,481.57,3370.99,Bank Transfer,Failed
T000115,2023-12-16 12:16:19,C9800,P529,6,82.89,497.34,Credit Card,Completed
T000116,2023-04-18 15:10:39,C4382,P362,4,483.39,1933.56,Bank Transfer,Completed
T000117,2023-07-22 14:39:14,C4382,P298,8,385.75,3086.0,PayPal,Failed
T000118,2023-05-13 17:27:58,C4382,P554,8,169.11,1352.88,Bank Transfer,Refunded
T000119,2023-06-17 19:10:03,C9019,P866,1,166.56,166.56,Credit Card,Refunded
T000120,2023-06-24 12:15:09,C9356,P816,6,200.07,1200.42,Credit Card,Completed
T000121,2023-03-24 13:04:07,C3038,P291,7,110.74,775.18,PayPal,Refunded
T000122,2023-10-04 00:48:03,C3038,P149,8,210.22,1681.76,Credit Card,Completed
T000123,2023-12-28 05:47:15,C3038,P298,1,364.54,364.54,PayPal,Refunded
T000124,2023-09-17 09:42:14,C6310,P749,8,364.54,2916.32,Bank Transfer,Failed
T000125,2023-02-08 19:25:16,C3918,P948,6,376.75,2260.5,Bank Transfer,Failed
T000126,2023-04-28 08:47:33,C3918,P349,7,458.02,3206.14,Credit Card,Failed
T000127,2023-05-11 04:27:10,C3918,P451,3,251.49,754.47,PayPal,Refunded
T000128,2023-07-13 22:20:16,C3918,P835,3,181.49,544.47,Bank Transfer,Failed
T000129,2023-11-27 21:30:07,C1883,P481,6,243.6,1461.6,Credit Card,Completed
T000130,2023-03-12 09:20:08,C5324,P528,1,148.57,148.57,Bank Transfer,Refunded
T000131,2023-09-15 16:00:08,C5324,P258,10,111.82,1118.2,Credit Card,Refunded
T000132,2023-08-14 11:37:32,C5324,P804,2,283.25,566.5,Credit Card,Refunded
T000133,2023-02-27 11:01:08,C5324,P970,10,57.63,576.3,Bank Transfer,Completed
T000134,2023-10-18 01:29:43,C6799,P587,6,46.33,277.98,Bank Transfer,Completed
T000135,2023-05-05 02:15:58,C6799,P138,2,491.68,983.36,Bank Transfer,Refunded
T000136,2023-11-04 07:21:56,C6799,P786,8,256.66,2053.28,Credit Card,Failed
T000137,2023-10-02 20:27:33,C1799,P633,6,117.1,702.6,PayPal,Refunded
T000138,2023-10-06 13:28:33,C9177,P209,7,11.17,78.19,PayPal,Failed
T000139,2023-03-14 07:38:46,C3584,P457,3,462.99,1388.97,PayPal,Failed
T000140,2023-03-17 13:51:35,C3584,P990,1,187.83,187.83,Credit Card,Failed
T000141,2023-11-01 19:50:23,C3584,P619,8,143.57,1148.56,Credit Card,Refunded
T000142,2023-07-13 02:55:59,C3584,P115,4,482.81,1931.24,Credit Card,Failed
T000143,2023-07-09 17:27:25,C3584,P252,9,274.98,2474.82,Credit Card,Completed
T000144,2023-01-05 19:08:43,C8539,P857,5,153.97,769.85,Credit Card,Refunded
T000145,2023-11-05 01:10:24,C7517,P296,2,307.14,614.28,PayPal,Completed
T000146,2023-03-08 21:01:06,C7737,P685,8,443.86,3550.88,PayPal,Completed
T000147,2023-05-28 00:09:42,C5552,P111,10,351.31,3513.1,PayPal,Completed
T000148,2023-01-07 10:49:06,C7333,P125,2,184.39,368.78,Bank Transfer,Completed
T000149,2023-12-03 06:23:22,C8799,P627,8,287.71,2301.68,Credit Card,Completed
T000150,2023-11-15 22:01:00,C1328,P918,10,165.48,1654.8,Credit Card,Completed
T000151,2023-11-23 08:30:29,C5865,P905,7,280.21,1961.47,Bank Transfer,Failed
T000152,2023-07-12 11:48:30,C5865,P455,7,228.34,1598.38,Bank Transfer,Refunded
T000153,2023-05-10 04:25:31,C5865,P797,10,342.8,3428.0,Bank Transfer,Refunded
T000154,2023-09-01 19:33:21,C2442,P584,8,361.73,2893.84,Credit Card,Completed
T000155,2023-09-10 16:01:03,C5707,P348,4,185.92,743.68,Bank Transfer,Refunded
T000156,2023-07-05 06:04:41,C3674,P938,7,268.38,1878.66,Bank Transfer,Failed
T000157,2023-11-14 11:42:39,C5407,P833,5,390.07,1950.35,Credit Card,Completed
T000158,2023-12-12 08:29:30,C4241,P301,7,165.13,1155.91,Bank Transfer,Failed
T000159,2023-03-08 16:43:44,C4241,P775,7,326.99,2288.93,PayPal,Failed
T000160,2023-04-19 08:03:54,C4241,P174,2,329.87,659.74,Credit Card,Failed
T000161,2023-05-19 19:11:17,C4241,P244,5,10.45,52.25,Credit Card,Completed
T000162,2023-12-16 15:30:25,C4241,P922,3,50.86,152.58,Bank Transfer,Completed
T000163,2023-01-11 06:53:55,C4983,P579,3,187.09,561.27,Credit Card,Failed
T000164,2023-10-29 12:57:51,C4401,P756,1,426.19,426.19,Bank Transfer,Completed
T000165,2023-05-16 03:11:35,C4401,P452,2,334.89,669.78,Credit Card,Refunded
T000166,2023-11-11 07:57:46,C4401,P272,9,455.31,4097.79,Bank Transfer,Completed
T000167,2023-04-17 12:36:41,C8296,P246,9,181.55,1633.95,Bank Transfer,Completed
T000168,2023-06-06 04:08:37,C8296,P416,8,361.99,2895.92,PayPal,Refunded
T000169,2023-01-05 14:59:37,C1747,P895,5,121.49,607.45,Credit Card,Refunded
T000170,2023-10-29 05:54:32,C1713,P492,2,476.16,952.32,Credit Card,Failed
T000171,2023-04-16 23:21:47,C1713,P362,5,78.95,394.75,Credit Card,Refunded
T000172,2023-12-08 13:52:15,C1713,P737,5,104.63,523.15,Credit Card,Refunded
T000173,2023-07-08 01:41:11,C1713,P409,7,452.24,3165.68,Credit Card,Refunded
T000174,2023-12-02 20:06:52,C1713,P452,2,232.19,464.38,PayPal,Completed
T000175,2023-11-03 03:39:07,C3385,P285,2,170.33,340.66,Credit Card,Completed
T000176,2023-03-12 06:23:04,C1490,P970,9,59.02,531.18,Credit Card,Refunded
T000177,2023-11-19 21:15:15,C1490,P297,8,25.3,202.4,Credit Card,Refunded
T000178,2023-03-08 07:15:19,C9317,P126,1,328.61,328.61,Credit Card,Failed
T000179,2023-09-26 18:22:09,C2784,P208,10,303.48,3034.8,PayPal,Failed
T000180,2023-09-16 14:41:40,C9253,P836,9,197.13,1774.17,Credit Card,Completed
T000181,2023-03-15 11:47:41,C9253,P925,2,47.99,95.98,Bank Transfer,Refunded
T000182,2023-08-26 12:48:06,C9253,P707,8,166.43,1331.44,Bank Transfer,Failed
T000183,2023-10-11 22:39:50,C2921,P975,3,229.75,689.25,PayPal,Refunded
T000184,2023-10-10 21:34:00,C5898,P972,7,372.55,2607.85,Bank Transfer,Completed
T000185,2023-10-25 04:41:28,C7885,P973,9,466.52,4198.68,Bank Transfer,Failed
T000186,2023-01-27 00:59:12,C7457,P475,10,163.44,1634.4,Credit Card,Failed
T000187,2023-11-26 14:31:05,C3888,P447,1,409.61,409.61,PayPal,Failed
T000188,2023-08-20 15:46:07,C5391,P856,3,338.51,1015.53,PayPal,Failed
T000189,2023-12-17 21:10:16,C5391,P688,1,86.75,86.75,PayPal,Completed
T000190,2023-09-15 19:15:07,C5391,P909,8,92.94,743.52,Bank Transfer,Failed
T000191,2023-05-08 00:00:13,C6513,P543,8,177.37,1418.96,Credit Card,Refunded
T000192,2023-09-20 15:25:15,C7682,P416,4,136.6,546.4,Bank Transfer,Completed
T000193,2023-01-11 14:38:25,C7682,P982,6,155.24,931.44,PayPal,Completed
T000194,2023-05-21 16:30:12,C7682,P453,10,472.52,4725.2,Credit Card,Failed
T000195,2023-12-18 03:00:48,C7682,P704,8,297.97,2383.76,Bank Transfer,Failed
T000196,2023-02-06 17:34:24,C7682,P823,6,363.65,2181.9,Credit Card,Failed
T000197,2023-03-10 13:10:31,C1370,P320,8,211.81,1694.48,PayPal,Refunded
T000198,2023-12-01 13:58:08,C3053,P551,4,391.96,1567.84,PayPal,Refunded
T000199,2023-08-16 23:37:49,C3755,P580,8,257.88,2063.04,Credit Card,Failed
T000200,2023-04-09 07:43:45,C7728,P229,3,468.69,1406.07,Credit Card,Refunded
T000201,2023-02-21 02:39:21,C7728,P466,10,484.8,4848.0,Bank Transfer,Failed
T000202,2023-08-24 18:32:33,C7728,P743,6,107.87,647.22,Bank Transfer,Completed
T000203,2023-07-04 10:39:26,C7728,P684,9,64.31,578.79,PayPal,Failed
T000204,2023-10-06 11:54:09,C7728,P205,2,410.52,821.04,Credit Card,Refunded
T000205,2023-02-02 14:45:32,C6690,P503,9,79.74,717.66,Credit Card,Failed
T000206,2023-02-28 16:57:54,C2073,P576,9,483.92,4355.28,PayPal,Completed
T000207,2023-01-30 06:34:47,C6137,P558,3,247.93,743.79,PayPal,Completed
T000208,2023-01-02 05:35:55,C2007,P526,3,422.45,1267.35,Credit Card,Failed
T000209,2023-10-17 10:19:58,C2007,P476,2,248.89,497.78,PayPal,Refunded
T000210,2023-04-17 23:46:03,C2007,P818,3,260.66,781.98,Credit Card,Refunded
T000211,2023-04-16 18:45:36,C4628,P793,8,246.51,1972.08,PayPal,Refunded
T000212,2023-01-25 23:44:57,C1498,P181,1,72.92,72.92,Credit Card,Completed
T000213,2023-11-08 07:12:41,C9357,P202,3,173.17,519.51,Bank Transfer,Completed
T000214,2023-07-08 10:05:46,C8178,P746,9,185.25,1667.25,Bank Transfer,Failed
T000215,2023-08-04 11:51:11,C1122,P595,7,244.15,1709.05,Credit Card,Refunded
T000216,2023-03-13 20:53:54,C1722,P723,1,199.1,199.1,Credit Card,Completed
T000217,2023-12-04 17:06:15,C1722,P886,6,357.36,2144.16,Bank Transfer,Completed
T000218,2023-07-26 01:17:23,C3274,P328,8,216.02,1728.16,PayPal,Failed
T000219,2023-07-02 04:43:18,C7246,P864,6,236.86,1421.16,Bank Transfer,Completed
T000220,2023-08-25 17:02:22,C7246,P683,6,87.55,525.3,Credit Card,Completed
T000221,2023-03-02 23:50:25,C7318,P834,7,223.91,1567.37,Bank Transfer,Refunded
T000222,2023-12-02 11:08:55,C5325,P824,10,86.56,865.6,Credit Card,Failed
T000223,2023-05-14 00:09:44,C5325,P405,2,441.81,883.62,PayPal,Completed
T000224,2023-05-04 22:53:40,C5325,P385,9,353.92,3185.28,PayPal,Refunded
T000225,2023-10-06 13:31:07,C5325,P141,2,308.94,617.88,PayPal,Completed
T000226,2023-01-08 12:17:43,C5325,P972,4,93.17,372.68,PayPal,Completed
T000227,2023-12-08 22:55:56,C9900,P610,7,492.16,3445.12,Bank Transfer,Failed
T000228,2023-10-28 04:31:53,C2571,P234,6,305.68,1834.08,Credit Card,Completed
T000229,2023-07-20 09:08:38,C2571,P399,4,439.85,1759.4,Bank Transfer,Failed
T000230,2023-03-14 17:19:15,C2571,P914,2,68.45,136.9,Credit Card,Completed
T000231,2023-07-31 01:30:28,C3111,P796,2,443.64,887.28,PayPal,Refunded
T000232,2023-08-20 17:48:36,C3111,P907,9,446.75,4020.75,Bank Transfer,Completed
T000233,2023-09-09 04:45:35,C3111,P425,2,171.11,342.22,PayPal,Refunded
T000234,2023-02-03 18:28:02,C3111,P101,10,173.38,1733.8,PayPal,Refunded
T000235,2023-05-29 03:45:00,C5327,P879,4,346.88,1387.52,Credit Card,Failed
T000236,2023-03-28 22:45:10,C8516,P376,10,382.82,3828.2,Credit Card,Refunded
T000237,2023-12-28 18:27:37,C8657,P745,6,257.28,1543.68,PayPal,Refunded
T000238,2023-04-05 17:19:48,C2515,P988,4,246.36,985.44,Bank Transfer,Refunded
T000239,2023-10-03 15:51:05,C2515,P537,8,363.38,2907.04,Credit Card,Completed
T000240,2023-07-23 20:01:36,C2515,P139,8,246.24,1969.92,Credit Card,Refunded
T000241,2023-05-01 11:19:26,C2515,P850,5,94.67,473.35,Credit Card,Completed
T000242,2023-11-08 14:30:41,C3108,P997,6,320.65,1923.9,Credit Card,Completed
T000243,2023-09-02 05:19:47,C5470,P973,1,419.71,419.71,Credit Card,Failed
T000244,2023-09-04 06:38:03,C5470,P920,8,177.51,1420.08,PayPal,Completed
T000245,2023-10-24 23:57:59,C7078,P172,1,47.38,47.38,Bank Transfer,Completed
T000246,2023-09-29 13:42:07,C7078,P551,5,62.73,313.65,Bank Transfer,Refunded
T000247,2023-11-07 13:05:54,C7078,P260,8,49.61,396.88,Bank Transfer,Refunded
T000248,2023-01-09 14:12:11,C7078,P481,2,236.73,473.46,Credit Card,Failed
T000249,2023-01-12 22:27:05,C7918,P450,5,184.67,923.35,PayPal,Completed
T000250,2023-07-28 01:26:53,C7918,P906,9,168.99,1520.91,Bank Transfer,Refunded
T000251,2023-08-31 23:16:48,C7918,P206,5,430.12,2150.6,Bank Transfer,Failed
T000252,2023-03-20 16:59:20,C6695,P262,3,360.87,1082.61,Credit Card,Refunded
T000253,2023-01-30 04:59:12,C2127,P384,2,276.81,553.62,Credit Card,Completed
T000254,2023-01-17 21:17:43,C2651,P428,7,285.82,2000.74,PayPal,Completed
T000255,2023-05-28 10:22:23,C4219,P355,5,117.6,588.0,PayPal,Refunded
T000256,2023-04-30 01:12:14,C6638,P264,10,472.09,4720.9,Bank Transfer,Completed
T000257,2023-02-28 16:24:35,C7171,P549,5,236.78,1183.9,Credit Card,Refunded
T000258,2023-12-11 01:28:43,C7171,P234,1,308.25,308.25,PayPal,Completed
T000259,2023-09-03 01:10:14,C7171,P946,1,257.55,257.55,Bank Transfer,Refunded
T000260,2023-02-20 12:58:27,C1161,P220,8,116.6,932.8,PayPal,Failed
T000261,2023-01-20 02:25:01,C7831,P378,1,395.54,395.54,PayPal,Completed
T000262,2023-06-06 14:39:06,C9763,P988,5,73.93,369.65,PayPal,Completed
T000263,2023-07-12 06:26:16,C9763,P192,7,382.04,2674.28,Credit Card,Refunded
T000264,2023-03-05 20:37:45,C9763,P810,9,149.89,1349.01,PayPal,Refunded
T000265,2023-10-31 23:08:26,C4192,P689,5,234.47,1172.35,PayPal,Refunded
T000266,2023-06-13 05:48:23,C8910,P178,5,364.41,1822.05,Credit Card,Completed
T000267,2023-01-28 20:30:51,C8910,P793,7,135.03,945.21,Credit Card,Failed
T000268,2023-10-11 02:53:46,C8910,P582,8,319.64,2557.12,PayPal,Failed
T000269,2023-10-21 19:32:48,C8910,P801,3,95.0,285.0,Credit Card,Completed
T000270,2023-03-12 03:59:46,C8910,P381,8,99.35,794.8,Bank Transfer,Failed
T000271,2023-03-27 06:31:39,C3530,P550,4,24.29,97.16,Credit Card,Refunded
T000272,2023-08-11 01:36:36,C6995,P172,3,98.49,295.47,Credit Card,Refunded
T000273,2023-01-08 23:28:29,C8666,P325,10,158.87,1588.7,PayPal,Completed
T000274,2023-07-09 07:52:36,C8666,P926,1,447.23,447.23,Credit Card,Completed
T000275,2023-06-01 10:31:15,C8666,P858,10,142.57,1425.7,PayPal,Refunded
T000276,2023-01-12 11:58:13,C8666,P373,10,322.78,3227.8,Bank Transfer,Failed
T000277,2023-05-21 23:31:57,C8666,P148,5,195.73,978.65,PayPal,Completed
T000278,2023-07-09 19:26:44,C5155,P500,10,476.13,4761.3,Credit Card,Failed
T000279,2023-09-24 13:38:11,C6756,P157,6,159.02,954.12,PayPal,Refunded
T000280,2023-08-26 10:08:16,C6608,P269,8,206.26,1650.08,PayPal,Completed
T000281,2023-06-25 17:24:25,C2150,P987,1,44.52,44.52,PayPal,Failed
T000282,2023-11-28 22:21:06,C4051,P560,9,451.24,4061.16,PayPal,Failed
T000283,2023-12-25 02:34:55,C5655,P521,3,86.35,259.05,PayPal,Failed
T000284,2023-10-04 04:41:50,C2376,P693,7,17.4,121.8,PayPal,Completed
T000285,2023-06-14 03:53:25,C2232,P815,7,466.25,3263.75,PayPal,Refunded
T000286,2023-01-14 21:25:32,C2513,P509,10,345.13,3451.3,Credit Card,Failed
T000287,2023-05-11 18:52:54,C2513,P987,10,445.21,4452.1,Bank Transfer,Completed
T000288,2023-07-16 01:02:09,C2513,P741,3,71.7,215.1,Bank Transfer,Completed
T000289,2023-02-25 09:07:48,C7071,P740,8,292.63,2341.04,PayPal,Completed
T000290,2023-10-30 19:54:14,C3410,P132,3,131.44,394.32,Credit Card,Failed
T000291,2023-06-08 14:45:38,C1924,P100,7,310.92,2176.44,Bank Transfer,Failed
T000292,2023-12-25 22:33:16,C1924,P249,4,53.76,215.04,PayPal,Completed
T000293,2023-05-01 13:28:57,C1924,P971,6,499.98,2999.88,PayPal,Refunded
T000294,2023-11-14 05:36:35,C1924,P736,8,27.4,219.2,Credit Card,Completed
T000295,2023-06-18 10:44:38,C6540,P945,10,137.13,1371.3,Bank Transfer,Refunded
T000296,2023-07-17 00:27:26,C3670,P910,6,159.68,958.08,Credit Card,Failed
T000297,2023-11-23 10:14:20,C3670,P408,9,450.04,4050.36,PayPal,Refunded
T000298,2023-09-12 13:04:04,C3670,P582,8,239.43,1915.44,Bank Transfer,Failed
T000299,2023-04-18 04:26:32,C3747,P430,3,88.01,264.03,Credit Card,Completed
T000300,2023-02-04 09:14:27,C3444,P551,5,172.05,860.25,Bank Transfer,Failed
T000301,2023-12-08 01:29:11,C8184,P562,3,207.37,622.11,Bank Transfer,Refunded
T000302,2023-11-14 08:27:39,C6071,P715,6,137.85,827.1,Credit Card,Completed
T000303,2023-08-12 12:18:42,C6071,P324,6,295.16,1770.96,Bank Transfer,Refunded
T000304,2023-02-28 03:23:45,C6071,P236,5,397.3,1986.5,Bank Transfer,Completed
T000305,2023-02-12 11:57:49,C7416,P904,1,158.57,158.57,PayPal,Completed
T000306,2023-11-17 10:28:25,C2876,P920,1,324.46,324.46,PayPal,Failed
T000307,2023-02-05 05:26:26,C1316,P483,4,492.47,1969.88,Credit Card,Failed
T000308,2023-04-30 05:43:21,C5951,P523,7,263.88,1847.16,Credit Card,Completed
T000309,2023-07-19 09:49:47,C5951,P354,5,410.15,2050.75,PayPal,Completed
T000310,2023-02-20 19:40:09,C5951,P348,6,196.08,1176.48,PayPal,Failed
T000311,2023-12-27 01:46:00,C5951,P810,3,252.74,758.22,PayPal,Completed
T000312,2023-11-02 11:03:52,C5951,P446,6,23.5,141.0,Bank Transfer,Refunded
T000313,2023-04-19 20:54:53,C7100,P737,5,338.86,1694.3,Credit Card,Completed
T000314,2023-01-25 05:43:03,C5073,P611,9,234.25,2108.25,Credit Card,Refunded
T000315,2023-07-20 03:23:24,C9250,P260,2,381.56,763.12,PayPal,Completed
T000316,2023-02-20 16:06:26,C9250,P252,1,290.49,290.49,Credit Card,Refunded
T000317,2023-01-06 03:17:35,C2297,P752,8,24.19,193.52,Credit Card,Completed
T000318,2023-10-31 14:43:24,C3254,P765,4,461.53,1846.12,Credit Card,Refunded
T000319,2023-09-23 09:34:00,C4404,P679,1,253.36,253.36,Credit Card,Refunded
T000320,2023-04-28 00:54:14,C1385,P227,5,141.98,709.9,Bank Transfer,Completed
T000321,2023-04-06 10:28:01,C6497,P506,1,425.07,425.07,PayPal,Completed
T000322,2023-05-02 05:13:13,C8612,P116,3,480.97,1442.91,Bank Transfer,Refunded
T000323,2023-07-06 03:10:13,C8612,P400,10,405.96,4059.6,Bank Transfer,Completed
T000324,2023-09-18 13:24:20,C8612,P368,3,156.75,470.25,Bank Transfer,Failed
T000325,2023-07-08 20:28:06,C8612,P790,3,66.9,200.7,Bank Transfer,Failed
T000326,2023-10-21 23:37:50,C8172,P808,6,270.74,1624.44,Credit Card,Completed
T000327,2023-07-11 23:42:31,C9430,P483,6,250.89,1505.34,Credit Card,Failed
T000328,2023-09-19 05:01:08,C9868,P452,3,31.39,94.17,Credit Card,Failed
T000329,2023-05-03 09:08:51,C3738,P919,5,416.27,2081.35,Bank Transfer,Refunded
T000330,2023-11-22 13:57:14,C8773,P235,1,412.1,412.1,Bank Transfer,Completed
T000331,2023-10-05 10:56:54,C8773,P609,6,284.56,1707.36,Credit Card,Failed
T000332,2023-03-26 03:21:29,C8773,P791,4,340.71,1362.84,Bank Transfer,Completed
T000333,2023-10-22 04:34:40,C5007,P873,3,363.51,1090.53,Credit Card,Completed
T000334,2023-07-24 18:13:33,C2108,P967,6,475.95,2855.7,Bank Transfer,Failed
T000335,2023-01-31 13:57:01,C6464,P580,8,174.89,1399.12,Bank Transfer,Refunded
T000336,2023-03-27 16:06:29,C9773,P857,1,202.86,202.86,PayPal,Failed
T000337,2023-01-05 20:31:22,C4065,P674,7,221.66,1551.62,Bank Transfer,Completed
T000338,2023-02-15 05:06:07,C9487,P666,6,438.05,2628.3,PayPal,Refunded
T000339,2023-08-26 11:19:14,C5826,P954,5,420.06,2100.3,Bank Transfer,Refunded
T000340,2023-04-10 19:35:03,C1438,P375,6,24.66,147.96,PayPal,Refunded
T000341,2023-10-07 11:06:07,C2330,P540,3,313.28,939.84,Bank Transfer,Completed
T000342,2023-05-22 16:34:43,C3596,P792,3,279.4,838.2,Credit Card,Failed
T000343,2023-09-29 18:46:50,C3596,P215,9,119.1,1071.9,PayPal,Failed
T000344,2023-06-10 04:26:11,C3453,P509,8,122.63,981.04,Credit Card,Completed
T000345,2023-05-03 00:44:19,C3453,P987,2,62.5,125.0,Credit Card,Refunded
T000346,2023-09-15 11:36:39,C3453,P867,1,191.2,191.2,PayPal,Refunded
T000347,2023-10-21 17:40:22,C4837,P202,7,458.97,3212.79,PayPal,Failed
T000348,2023-01-11 07:41:56,C4789,P798,8,65.21,521.68,PayPal,Completed
T000349,2023-06-29 20:51:41,C4789,P922,9,489.78,4408.02,PayPal,Completed
T000350,2023-06-07 13:50:49,C4789,P942,2,41.37,82.74,PayPal,Refunded
T000351,2023-12-25 19:11:57,C4789,P311,9,229.07,2061.63,PayPal,Completed
T000352,2023-01-08 06:08:24,C4789,P992,6,399.75,2398.5,Bank Transfer,Failed
T000353,2023-04-18 21:40:40,C6857,P270,6,419.01,2514.06,Credit Card,Failed
T000354,2023-03-02 05:12:24,C6857,P212,9,12.69,114.21,PayPal,Refunded
T000355,2023-03-06 07:50:26,C6538,P839,2,393.81,787.62,Credit Card,Failed
T000356,2023-08-22 00:51:53,C6538,P849,2,153.46,306.92,Credit Card,Refunded
T000357,2023-06-20 07:15:29,C4207,P353,5,332.76,1663.8,Bank Transfer,Completed
T000358,2023-04-22 21:42:07,C4299,P792,7,221.56,1550.92,PayPal,Completed
T000359,2023-04-07 05:48:03,C7032,P879,2,132.27,264.54,Credit Card,Refunded
T000360,2023-04-09 16:38:07,C7218,P342,6,219.51,1317.06,PayPal,Refunded
T000361,2023-06-01 21:20:50,C2365,P579,1,52.78,52.78,Bank Transfer,Failed
T000362,2023-11-02 09:25:47,C3609,P725,2,41.15,82.3,PayPal,Refunded
T000363,2023-12-29 02:30:12,C3609,P510,3,64.79,194.37,PayPal,Refunded
T000364,2023-01-31 13:06:14,C3609,P138,5,454.73,2273.65,Bank Transfer,Refunded
T000365,2023-12-21 05:14:23,C3609,P612,7,118.67,830.69,Bank Transfer,Completed
T000366,2023-12-19 07:39:36,C3609,P261,6,312.47,1874.82,Credit Card,Completed
T000367,2023-03-12 07:18:02,C7474,P250,6,92.91,557.46,PayPal,Failed
T000368,2023-09-03 12:26:48,C7474,P842,5,395.22,1976.1,PayPal,Failed
T000369,2023-06-14 22:45:03,C8207,P377,7,385.32,2697.24,Bank Transfer,Refunded
T000370,2023-12-19 06:18:56,C8207,P130,1,89.7,89.7,PayPal,Refunded
T000371,2023-09-19 05:30:04,C8207,P482,5,104.16,520.8,Credit Card,Completed
T000372,2023-03-01 15:57:37,C9483,P126,6,140.06,840.36,PayPal,Failed
T000373,2023-02-17 07:21:56,C3354,P202,6,463.95,2783.7,PayPal,Completed
T000374,2023-05-12 03:57:52,C6387,P300,7,210.79,1475.53,Credit Card,Completed
T000375,2023-02-10 07:59:06,C6387,P760,9,282.82,2545.38,PayPal,Refunded
T000376,2023-06-24 14:50:42,C5812,P514,1,423.98,423.98,Bank Transfer,Failed
T000377,2023-06-23 08:12:09,C6008,P990,10,110.15,1101.5,PayPal,Refunded
T000378,2023-01-11 07:41:37,C3794,P218,10,64.05,640.5,PayPal,Refunded
T000379,2023-03-10 00:23:13,C1152,P964,3,90.72,272.16,Credit Card,Completed
T000380,2023-11-17 16:43:22,C8413,P891,10,102.03,1020.3,Bank Transfer,Completed
T000381,2023-10-19 07:54:30,C3803,P407,8,329.88,2639.04,Bank Transfer,Completed
T000382,2023-06-28 07:10:21,C6375,P590,2,205.24,410.48,Credit Card,Refunded
T000383,2023-07-01 17:25:50,C6785,P423,8,484.04,3872.32,Bank Transfer,Failed
T000384,2023-02-10 19:04:08,C6785,P123,3,423.38,1270.14,Bank Transfer,Refunded
T000385,2023-05-27 00:05:16,C7607,P590,4,36.39,145.56,PayPal,Completed
T000386,2023-09-08 15:02:38,C1062,P414,7,126.53,885.71,Bank Transfer,Failed
T000387,2023-08-21 16:46:25,C3479,P531,8,327.76,2622.08,Bank Transfer,Failed
T000388,2023-06-18 20:30:38,C8396,P487,3,57.8,173.4,Credit Card,Completed
T000389,2023-02-18 07:32:50,C7046,P299,5,140.47,702.35,PayPal,Failed
T000390,2023-04-27 12:43:14,C7046,P842,10,242.83,2428.3,Bank Transfer,Failed
T000391,2023-08-07 20:26:31,C7046,P197,1,140.51,140.51,Credit Card,Failed
T000392,2023-12-18 00:18:44,C4696,P318,8,231.17,1849.36,PayPal,Refunded
T000393,2023-09-25 08:48:47,C4696,P513,3,459.95,1379.85,Bank Transfer,Completed
T000394,2023-03-05 21:05:28,C8322,P809,2,177.5,355.0,Credit Card,Completed
T000395,2023-09-10 15:36:53,C7901,P333,7,291.35,2039.45,Credit Card,Refunded
T000396,2023-11-29 08:17:05,C7901,P719,4,262.27,1049.08,PayPal,Failed
T000397,2023-03-12 00:30:20,C7901,P821,5,10.26,51.3,PayPal,Refunded
T000398,2023-04-17 18:29:14,C2563,P362,10,411.53,4115.3,Credit Card,Refunded
T000399,2023-05-05 01:02:13,C6204,P534,4,479.92,1919.68,PayPal,Failed
T000400,2023-10-02 20:56:01,C8962,P908,4,135.49,541.96,PayPal,Refunded
T000401,2023-08-05 10:48:04,C9057,P742,8,145.84,1166.72,Credit Card,Completed
T000402,2023-02-27 13:40:01,C4405,P840,5,328.39,1641.95,PayPal,Failed
T000403,2023-06-22 07:12:49,C9772,P899,9,475.54,4279.86,Bank Transfer,Refunded
T000404,2023-01-14 01:56:07,C6955,P575,4,397.11,1588.44,Bank Transfer,Completed
T000405,2023-05-13 17:06:47,C5004,P311,3,406.24,1218.72,PayPal,Refunded
T000406,2023-08-20 23:43:33,C7819,P219,5,177.26,886.3,PayPal,Refunded
T000407,2023-09-30 05:53:54,C6113,P920,6,159.64,957.84,PayPal,Completed
T000408,2023-12-15 18:38:51,C6113,P264,9,38.52,346.68,PayPal,Completed
T000409,2023-07-01 05:41:05,C6113,P722,10,326.7,3267.0,Bank Transfer,Failed
T000410,2023-04-20 13:29:01,C4639,P812,10,347.09,3470.9,PayPal,Refunded
T000411,2023-02-16 01:25:17,C1835,P781,8,407.59,3260.72,PayPal,Failed
T000412,2023-12-22 21:00:18,C1835,P493,10,156.92,1569.2,PayPal,Refunded
T000413,2023-01-18 17:50:17,C1835,P457,6,150.07,900.42,Bank Transfer,Completed
T000414,2023-12-04 03:48:13,C1835,P741,6,376.67,2260.02,Credit Card,Failed
T000415,2023-02-14 08:06:51,C9070,P894,7,54.66,382.62,Credit Card,Refunded
T000416,2023-06-27 08:04:02,C9070,P190,6,444.08,2664.48,PayPal,Completed
T000417,2023-05-02 22:43:00,C9070,P344,7,227.42,1591.94,Bank Transfer,Refunded
T000418,2023-05-10 11:05:23,C9070,P296,5,135.19,675.95,PayPal,Refunded
T000419,2023-01-30 05:43:19,C4572,P408,1,222.55,222.55,Credit Card,Refunded
T000420,2023-05-23 22:10:08,C2477,P995,5,179.36,896.8,Credit Card,Refunded
T000421,2023-09-11 17:52:49,C8317,P727,5,311.35,1556.75,PayPal,Completed
T000422,2023-03-16 13:38:50,C8317,P726,4,143.35,573.4,PayPal,Completed
T000423,2023-10-25 16:10:15,C1680,P569,1,293.64,293.64,Bank Transfer,Failed
T000424,2023-03-21 17:08:49,C4742,P988,5,207.93,1039.65,Bank Transfer,Completed
T000425,2023-05-20 05:22:54,C4742,P762,8,22.77,182.16,Bank Transfer,Completed
T000426,2023-07-24 04:12:37,C4742,P960,6,470.69,2824.14,Bank Transfer,Refunded
T000427,2023-02-23 19:39:47,C4742,P256,5,281.84,1409.2,Bank Transfer,Failed
T000428,2023-08-30 12:42:31,C2059,P336,5,287.13,1435.65,PayPal,Completed
T000429,2023-10-09 15:44:31,C2718,P798,2,18.01,36.02,Credit Card,Completed
T000430,2023-02-11 17:52:48,C2718,P238,9,438.18,3943.62,PayPal,Refunded
T000431,2023-04-04 21:20:28,C2718,P395,9,62.5,562.5,PayPal,Completed
T000432,2023-02-10 21:52:44,C2718,P472,9,241.7,2175.3,Bank Transfer,Failed
T000433,2023-07-04 07:51:54,C8607,P677,6,213.28,1279.68,Credit Card,Failed
T000434,2023-01-13 09:42:20,C8607,P639,1,160.53,160.53,PayPal,Refunded
T000435,2023-10-27 07:48:06,C8607,P273,4,78.18,312.72,PayPal,Failed
T000436,2023-09-23 05:02:57,C5025,P187,5,266.89,1334.45,Bank Transfer,Failed
T000437,2023-09-25 14:21:02,C3046,P350,9,354.15,3187.35,Credit Card,Failed
T000438,2023-11-28 00:43:42,C8084,P854,5,152.53,762.65,PayPal,Completed
T000439,2023-12-15 19:52:34,C1538,P823,6,377.02,2262.12,Bank Transfer,Failed
T000440,2023-12-30 19:50:03,C2680,P288,2,475.54,951.08,Credit Card,Completed
T000441,2023-01-22 20:50:55,C8973,P467,6,379.41,2276.46,Bank Transfer,Failed
T000442,2023-03-17 19:44:18,C5503,P876,5,160.68,803.4,Credit Card,Completed
T000443,2023-06-05 16:18:51,C5503,P470,9,307.77,2769.93,Bank Transfer,Failed
T000444,2023-05-23 00:03:34,C5503,P788,9,290.93,2618.37,Bank Transfer,Failed
T000445,2023-05-16 19:34:34,C2961,P974,10,497.97,4979.7,Bank Transfer,Refunded
T000446,2023-07-08 00:25:11,C5605,P636,1,25.42,25.42,Bank Transfer,Refunded
T000447,2023-05-22 00:17:35,C5605,P484,2,443.0,886.0,Credit Card,Completed
T000448,2023-04-16 14:51:22,C8153,P344,6,33.63,201.78,Bank Transfer,Failed
T000449,2023-03-30 19:26:57,C1869,P606,1,47.72,47.72,Bank Transfer,Failed
T000450,2023-10-20 19:13:01,C1869,P909,5,153.63,768.15,Credit Card,Refunded
T000451,2023-03-25 07:46:10,C1773,P918,5,222.56,1112.8,PayPal,Failed
T000452,2023-05-27 20:03:48,C2475,P929,1,425.56,425.56,PayPal,Completed
T000453,2023-11-03 09:35:31,C7523,P486,9,206.79,1861.11,Credit Card,Completed
T000454,2023-11-16 00:39:36,C2638,P881,7,165.94,1161.58,Credit Card,Failed
T000455,2023-12-22 08:56:29,C2638,P623,3,476.02,1428.06,PayPal,Failed
T000456,2023-05-23 21:33:21,C2638,P929,6,378.24,2269.44,Credit Card,Failed
T000457,2023-09-13 20:29:34,C7459,P513,1,78.54,78.54,Bank Transfer,Failed
T000458,2023-12-30 04:24:45,C2470,P658,1,253.35,253.35,Credit Card,Refunded
T000459,2023-07-23 04:35:43,C2791,P369,9,423.01,3807.09,Credit Card,Failed
T000460,2023-08-01 00:27:29,C6653,P498,9,228.89,2060.01,Credit Card,Refunded
T000461,2023-05-29 17:14:02,C6653,P280,7,368.61,2580.27,PayPal,Completed
T000462,2023-07-04 21:02:08,C6653,P240,1,415.6,415.6,Bank Transfer,Completed
T000463,2023-05-26 14:05:05,C6653,P413,1,30.24,30.24,PayPal,Completed
T000464,2023-01-10 03:46:47,C2260,P634,9,331.83,2986.47,PayPal,Refunded
T000465,2023-05-10 12:24:29,C2260,P940,8,405.67,3245.36,Bank Transfer,Completed
T000466,2023-03-10 22:27:01,C2260,P100,4,227.31,909.24,PayPal,Completed
T000467,2023-01-26 23:23:18,C2260,P660,7,119.69,837.83,Bank Transfer,Refunded
T000468,2023-12-02 18:09:41,C2260,P552,4,145.04,580.16,PayPal,Refunded
T000469,2023-03-17 19:31:04,C9589,P698,1,181.11,181.11,Bank Transfer,Completed
T000470,2023-07-18 13:51:25,C9589,P501,6,190.99,1145.94,PayPal,Refunded
T000471,2023-12-05 08:29:59,C5207,P120,7,287.69,2013.83,Credit Card,Refunded
T000472,2023-12-23 13:56:21,C7336,P402,6,109.05,654.3,Credit Card,Refunded
T000473,2023-04-30 20:54:33,C2210,P502,2,143.62,287.24,Bank Transfer,Refunded
T000474,2023-04-26 01:44:06,C8605,P128,6,447.27,2683.62,Bank Transfer,Completed
T000475,2023-12-02 10:56:26,C8240,P110,7,357.21,2500.47,Credit Card,Failed
T000476,2023-08-26 17:02:08,C8240,P549,5,64.57,322.85,Bank Transfer,Refunded
T000477,2023-03-30 06:14:56,C1961,P521,3,465.74,1397.22,Credit Card,Refunded
T000478,2023-09-17 18:21:14,C5576,P164,6,404.99,2429.94,Bank Transfer,Refunded
T000479,2023-12-06 04:20:17,C5814,P786,7,245.9,1721.3,PayPal,Failed
T000480,2023-08-13 20:07:00,C5814,P723,10,318.34,3183.4,Credit Card,Completed
T000481,2023-01-10 05:12:30,C5814,P981,6,175.39,1052.34,PayPal,Failed
T000482,2023-02-18 21:56:13,C5814,P865,7,110.29,772.03,Credit Card,Refunded
T000483,2023-09-13 11:56:18,C7519,P999,4,347.9,1391.6,Credit Card,Failed
T000484,2023-07-10 23:06:44,C8071,P807,2,403.94,807.88,Credit Card,Failed
T000485,2023-04-26 22:02:31,C1668,P324,7,46.13,322.91,Credit Card,Refunded
T000486,2023-07-24 14:48:44,C1668,P999,10,12.61,126.1,Credit Card,Refunded
T000487,2023-07-29 19:20:30,C1668,P404,8,333.43,2667.44,Bank Transfer,Refunded
T000488,2023-07-17 09:00:56,C2364,P991,6,391.09,2346.54,Bank Transfer,Failed
T000489,2023-08-16 09:25:38,C8271,P705,5,286.51,1432.55,PayPal,Completed
T000490,2023-08-02 21:20:28,C8992,P323,3,86.17,258.51,PayPal,Completed
T000491,2023-11-22 06:39:05,C8992,P187,5,446.08,2230.4,Credit Card,Refunded
T000492,2023-01-06 16:00:35,C8992,P631,8,209.59,1676.72,Credit Card,Refunded
T000493,2023-03-29 11:52:51,C8992,P549,8,107.47,859.76,Credit Card,Failed
T000494,2023-08-08 05:16:05,C1480,P682,8,201.22,1609.76,PayPal,Refunded
T000495,2023-04-05 05:43:47,C5674,P309,2,51.04,102.08,Bank Transfer,Completed
T000496,2023-12-04 19:34:06,C1321,P748,5,94.52,472.6,Credit Card,Completed
T000497,2023-08-04 04:15:32,C9971,P281,7,462.01,3234.07,PayPal,Completed
T000498,2023-03-31 22:37:03,C8645,P980,1,236.37,236.37,PayPal,Completed
T000499,2023-06-23 03:27:45,C8914,P881,3,414.07,1242.21,PayPal,Refunded
T000500,2023-06-07 21:21:43,C8914,P449,1,166.97,166.97,Credit Card,Refunded
T000501,2023-01-02 19:31:34,C8914,P258,5,97.91,489.55,Credit Card,Refunded
T000502,2023-09-13 17:33:42,C8914,P329,6,65.38,392.28,Bank Transfer,Failed
T000503,2023-09-05 20:33:12,C9139,P199,4,333.94,1335.76,Credit Card,Refunded
T000504,2023-10-03 08:21:25,C9822,P480,10,247.66,2476.6,Bank Transfer,Failed
T000505,2023-03-07 07:36:40,C9822,P649,10,124.94,1249.4,PayPal,Failed
T000506,2023-05-11 07:01:16,C1135,P503,1,262.86,262.86,Credit Card,Completed
T000507,2023-02-25 16:50:01,C4880,P151,4,483.77,1935.08,Bank Transfer,Refunded
T000508,2023-09-23 11:45:46,C4209,P819,6,398.16,2388.96,Bank Transfer,Refunded
T000509,2023-12-28 21:20:42,C8819,P915,3,56.34,169.02,PayPal,Refunded
T000510,2023-02-10 17:49:25,C7104,P247,3,168.72,506.16,Credit Card,Completed
T000511,2023-04-27 22:01:11,C1406,P955,3,29.2,87.6,PayPal,Failed
T000512,2023-09-01 14:33:11,C1406,P899,10,409.94,4099.4,PayPal,Completed
T000513,2023-05-25 08:02:12,C1406,P922,2,327.24,654.48,Credit Card,Failed
T000514,2023-08-24 16:39:07,C1406,P624,2,294.69,589.38,Credit Card,Failed
T000515,2023-05-12 15:39:08,C1233,P390,9,281.77,2535.93,Credit Card,Failed
T000516,2023-11-13 23:10:27,C9515,P917,9,109.07,981.63,PayPal,Completed
T000517,2023-09-11 22:39:52,C1949,P465,5,17.7,88.5,Bank Transfer,Refunded
T000518,2023-05-06 03:57:10,C5437,P453,8,423.36,3386.88,Bank Transfer,Failed
T000519,2023-10-22 00:30:52,C5437,P392,3,229.11,687.33,Credit Card,Refunded
T000520,2023-07-03 09:05:15,C5437,P957,5,468.01,2340.05,Credit Card,Failed
T000521,2023-02-11 04:28:30,C1877,P924,8,290.0,2320.0,PayPal,Refunded
T000522,2023-02-21 01:10:53,C1877,P392,2,291.22,582.44,Bank Transfer,Failed
T000523,2023-01-12 05:41:49,C1877,P976,2,405.67,811.34,PayPal,Completed
T000524,2023-06-18 02:37:32,C1877,P169,4,102.72,410.88,Bank Transfer,Completed
T000525,2023-09-28 15:57:38,C1877,P619,3,48.44,145.32,Bank Transfer,Completed
T000526,2023-02-04 02:06:07,C1907,P317,7,429.63,3007.41,PayPal,Refunded
T000527,2023-07-08 10:49:03,C5745,P272,1,295.07,295.07,Bank Transfer,Refunded
T000528,2023-05-02 12:20:04,C5745,P950,5,166.68,833.4,PayPal,Completed
T000529,2023-11-10 09:59:12,C5745,P751,7,394.96,2764.72,Bank Transfer,Failed
T000530,2023-08-21 07:00:51,C3119,P455,2,406.72,813.44,PayPal,Refunded
T000531,2023-08-06 03:19:39,C3119,P823,6,428.53,2571.18,PayPal,Refunded
T000532,2023-08-18 20:13:45,C3119,P794,7,101.97,713.79,Bank Transfer,Completed
T000533,2023-11-09 08:42:38,C3971,P482,2,134.53,269.06,Credit Card,Failed
T000534,2023-04-20 01:53:55,C3971,P298,2,310.85,621.7,PayPal,Refunded
T000535,2023-04-18 12:17:39,C3971,P794,6,388.09,2328.54,PayPal,Completed
T000536,2023-02-10 20:57:07,C3971,P528,3,59.69,179.07,Credit Card,Failed
T000537,2023-08-21 06:19:07,C8787,P247,3,69.66,208.98,Bank Transfer,Refunded
T000538,2023-02-15 11:03:38,C8787,P215,4,496.57,1986.28,Credit Card,Refunded
T000539,2023-10-22 20:16:46,C1589,P279,5,133.53,667.65,Credit Card,Completed
T000540,2023-08-16 19:09:57,C1589,P459,2,148.31,296.62,PayPal,Refunded
T000541,2023-01-07 13:02:02,C1589,P510,8,23.43,187.44,Credit Card,Failed
T000542,2023-11-16 20:14:41,C1589,P392,5,192.66,963.3,PayPal,Completed
T000543,2023-03-05 11:49:59,C8857,P787,2,469.97,939.94,Credit Card,Failed
T000544,2023-05-31 21:26:27,C8857,P320,2,321.42,642.84,Bank Transfer,Completed
T000545,2023-01-18 16:33:57,C8857,P409,3,265.82,797.46,PayPal,Completed
T000546,2023-12-07 10:49:20,C8857,P129,6,227.69,1366.14,PayPal,Completed
T000547,2023-09-06 16:31:08,C1489,P863,7,20.75,145.25,Credit Card,Completed
T000548,2023-07-19 07:45:43,C5931,P461,3,253.35,760.05,Bank Transfer,Refunded
T000549,2023-04-07 00:54:00,C5931,P163,5,185.2,926.0,Bank Transfer,Failed
T000550,2023-06-17 19:03:53,C5931,P865,2,328.01,656.02,Credit Card,Failed
T000551,2023-04-24 16:08:52,C5931,P333,7,334.49,2341.43,Credit Card,Refunded
T000552,2023-12-26 19:24:10,C5931,P220,9,201.46,1813.14,Credit Card,Failed
T000553,2023-11-19 19:43:15,C8954,P827,2,243.13,486.26,Bank Transfer,Completed
T000554,2023-11-12 13:55:16,C8954,P678,6,480.54,2883.24,Credit Card,Completed
T000555,2023-01-02 21:32:49,C8954,P197,10,422.04,4220.4,Bank Transfer,Completed
T000556,2023-07-03 13:57:23,C8954,P666,4,422.7,1690.8,Credit Card,Failed
T000557,2023-01-21 10:10:16,C8954,P403,10,137.44,1374.4,Bank Transfer,Completed
T000558,2023-11-25 02:42:16,C1523,P301,7,120.57,843.99,Bank Transfer,Refunded
T000559,2023-03-13 20:38:55,C9439,P939,10,52.42,524.2,Credit Card,Completed
T000560,2023-03-04 18:15:24,C2169,P630,2,364.68,729.36,Credit Card,Refunded
T000561,2023-08-12 07:04:55,C7140,P262,3,94.2,282.6,Bank Transfer,Failed
T000562,2023-10-18 20:56:35,C2243,P802,2,437.46,874.92,PayPal,Failed
T000563,2023-05-04 05:44:55,C8602,P797,2,444.95,889.9,Credit Card,Failed
T000564,2023-06-29 09:53:17,C8602,P402,8,462.09,3696.72,PayPal,Completed
T000565,2023-08-11 20:27:38,C5070,P800,2,384.29,768.58,PayPal,Refunded
T000566,2023-05-20 20:01:37,C6688,P308,9,113.1,1017.9,PayPal,Completed
T000567,2023-11-27 19:19:37,C8043,P327,7,147.46,1032.22,PayPal,Failed
T000568,2023-11-30 12:01:30,C8043,P438,9,386.99,3482.91,Credit Card,Refunded
T000569,2023-10-19 00:26:03,C8043,P345,4,17.18,68.72,Bank Transfer,Completed
T000570,2023-02-04 10:05:30,C8043,P418,7,218.27,1527.89,Credit Card,Refunded
T000571,2023-04-09 17:14:31,C5409,P457,5,154.68,773.4,Bank Transfer,Failed
T000572,2023-01-02 10:33:54,C1904,P942,5,23.92,119.6,Bank Transfer,Failed
T000573,2023-04-19 12:48:42,C1904,P207,5,250.44,1252.2,Bank Transfer,Completed
T000574,2023-06-29 14:58:08,C1904,P161,6,452.65,2715.9,Bank Transfer,Failed
T000575,2023-10-11 08:24:47,C1904,P896,8,373.65,2989.2,PayPal,Failed
T000576,2023-07-03 01:02:18,C1904,P147,1,484.64,484.64,Bank Transfer,Completed
T000577,2023-11-09 18:21:06,C5281,P870,4,138.41,553.64,Bank Transfer,Failed
T000578,2023-01-12 22:31:04,C5281,P597,6,312.36,1874.16,PayPal,Completed
T000579,2023-04-11 20:49:31,C5281,P958,6,93.43,560.58,Bank Transfer,Refunded
T000580,2023-08-30 09:30:26,C9788,P579,1,468.33,468.33,Credit Card,Failed
T000581,2023-09-26 21:45:17,C9788,P392,5,22.49,112.45,PayPal,Failed
T000582,2023-02-26 23:13:01,C9788,P746,8,449.79,3598.32,Bank Transfer,Completed
T000583,2023-07-05 16:49:24,C9788,P786,10,462.54,4625.4,Bank Transfer,Completed
T000584,2023-11-02 13:18:33,C5124,P226,4,173.62,694.48,Credit Card,Refunded
T000585,2023-04-26 05:50:58,C5124,P198,9,251.08,2259.72,Bank Transfer,Failed
T000586,2023-11-25 12:34:09,C5124,P256,2,120.73,241.46,Credit Card,Completed
T000587,2023-08-22 07:08:03,C5000,P257,10,461.22,4612.2,Credit Card,Refunded
T000588,2023-06-01 16:04:26,C5000,P409,10,134.17,1341.7,Bank Transfer,Completed
T000589,2023-09-21 11:59:22,C5000,P111,7,328.59,2300.13,PayPal,Completed
T000590,2023-09-19 14:08:00,C5000,P970,10,102.44,1024.4,PayPal,Refunded
T000591,2023-05-02 02:05:48,C3837,P465,2,419.6,839.2,Bank Transfer,Completed
T000592,2023-10-12 14:18:10,C6085,P702,10,395.69,3956.9,Bank Transfer,Completed
T000593,2023-02-01 21:31:20,C4315,P952,10,467.76,4677.6,Credit Card,Failed
T000594,2023-11-11 00:43:30,C9406,P668,8,278.25,2226.0,Bank Transfer,Failed
T000595,2023-09-10 23:25:15,C9406,P456,8,247.54,1980.32,Credit Card,Failed
T000596,2023-01-17 13:10:43,C5590,P242,3,366.3,1098.9,PayPal,Completed
T000597,2023-03-29 17:14:28,C2738,P460,2,24.8,49.6,Bank Transfer,Completed
T000598,2023-07-25 04:49:21,C2738,P659,10,230.29,2302.9,PayPal,Completed
T000599,2023-09-02 09:22:01,C3748,P935,6,198.73,1192.38,Bank Transfer,Failed
T000600,2023-07-08 23:48:16,C3748,P128,5,428.07,2140.35,Bank Transfer,Failed
T000601,2023-06-17 13:31:06,C3748,P243,10,288.07,2880.7,Credit Card,Failed
T000602,2023-12-29 01:20:45,C3748,P561,5,458.67,2293.35,Credit Card,Failed
T000603,2023-12-02 17:05:45,C3748,P612,1,167.55,167.55,PayPal,Failed
T000604,2023-04-23 13:20:07,C9399,P792,8,159.89,1279.12,Credit Card,Completed
T000605,2023-08-21 17:33:29,C7628,P339,8,292.03,2336.24,PayPal,Refunded
T000606,2023-04-20 18:02:13,C4867,P136,3,164.13,492.39,Bank Transfer,Completed
T000607,2023-07-24 07:01:53,C4867,P281,5,190.68,953.4,Credit Card,Failed
T000608,2023-05-28 12:19:13,C4867,P869,2,22.04,44.08,PayPal,Refunded
T000609,2023-06-26 05:09:15,C4867,P170,10,89.38,893.8,Credit Card,Refunded
T000610,2023-08-01 07:52:49,C4867,P343,5,103.38,516.9,PayPal,Completed
T000611,2023-10-27 06:25:03,C3994,P295,5,89.56,447.8,Bank Transfer,Refunded
T000612,2023-02-09 04:07:48,C6514,P517,6,276.6,1659.6,Bank Transfer,Failed
T000613,2023-06-03 00:22:01,C3308,P700,4,317.95,1271.8,Credit Card,Refunded
T000614,2023-06-03 18:36:08,C4950,P387,6,305.71,1834.26,Bank Transfer,Failed
T000615,2023-03-19 07:58:42,C2157,P568,6,347.66,2085.96,PayPal,Failed
T000616,2023-01-05 06:50:30,C9288,P737,10,125.71,1257.1,Bank Transfer,Refunded
T000617,2023-04-15 14:22:43,C5617,P909,2,262.98,525.96,Credit Card,Completed
T000618,2023-09-30 20:09:10,C4513,P689,10,136.2,1362.0,Bank Transfer,Refunded
T000619,2023-12-11 18:15:10,C4513,P493,5,486.93,2434.65,Credit Card,Completed
T000620,2023-08-05 13:16:24,C5365,P532,8,152.85,1222.8,Bank Transfer,Refunded
T000621,2023-01-30 20:42:24,C5313,P912,3,294.35,883.05,Credit Card,Refunded
T000622,2023-10-17 20:13:27,C5043,P386,8,422.69,3381.52,Credit Card,Refunded
T000623,2023-07-16 16:36:33,C5043,P702,6,400.61,2403.66,PayPal,Completed
T000624,2023-07-04 23:01:41,C5043,P897,10,316.87,3168.7,Credit Card,Failed
T000625,2023-06-06 11:03:17,C4744,P839,8,161.25,1290.0,PayPal,Failed
T000626,2023-11-01 10:48:27,C4629,P977,4,53.53,214.12,Credit Card,Completed
T000627,2023-09-09 11:37:44,C5699,P677,1,485.73,485.73,PayPal,Completed
T000628,2023-02-25 17:57:37,C2401,P960,4,408.97,1635.88,Credit Card,Failed
T000629,2023-11-14 17:39:20,C4386,P487,8,289.18,2313.44,Bank Transfer,Completed
T000630,2023-12-08 09:16:40,C2184,P167,10,263.65,2636.5,Credit Card,Failed
T000631,2023-06-02 09:29:32,C4124,P730,6,106.57,639.42,Bank Transfer,Failed
T000632,2023-06-30 23:07:11,C9447,P404,1,464.88,464.88,PayPal,Completed
T000633,2023-06-04 02:54:30,C3552,P716,10,154.36,1543.6,Bank Transfer,Refunded
T000634,2023-06-17 23:22:22,C9100,P169,10,447.14,4471.4,Credit Card,Refunded
T000635,2023-12-16 05:53:13,C9100,P734,7,306.86,2148.02,Credit Card,Failed
T000636,2023-01-18 05:21:32,C8373,P317,3,153.9,461.7,PayPal,Refunded
T000637,2023-05-21 20:47:24,C8373,P456,1,344.21,344.21,Bank Transfer,Refunded
T000638,2023-11-18 10:35:25,C7249,P831,7,407.92,2855.44,PayPal,Completed
T000639,2023-09-19 02:06:44,C7249,P681,1,283.15,283.15,PayPal,Failed
T000640,2023-08-08 16:40:44,C8026,P834,6,108.87,653.22,Bank Transfer,Refunded
T000641,2023-03-11 02:25:49,C2611,P516,1,100.08,100.08,PayPal,Completed
T000642,2023-08-24 06:48:07,C9387,P213,1,485.89,485.89,Bank Transfer,Completed
T000643,2023-12-15 04:56:07,C5176,P472,10,285.66,2856.6,PayPal,Refunded
T000644,2023-06-24 09:53:01,C5176,P845,6,299.01,1794.06,PayPal,Refunded
T000645,2023-03-31 19:05:38,C5176,P751,9,441.93,3977.37,Credit Card,Completed
T000646,2023-10-01 11:18:25,C5176,P313,10,347.23,3472.3,Credit Card,Refunded
T000647,2023-12-16 10:43:47,C4436,P883,3,33.45,100.35,Bank Transfer,Completed
T000648,2023-03-05 20:20:55,C9610,P607,7,329.29,2305.03,Credit Card,Completed
T000649,2023-10-08 01:55:27,C9610,P139,4,31.64,126.56,PayPal,Failed
T000650,2023-02-13 14:49:11,C9610,P351,10,303.59,3035.9,PayPal,Failed
T000651,2023-09-28 07:03:57,C9610,P901,1,471.43,471.43,PayPal,Completed
T000652,2023-10-06 22:51:09,C6154,P964,9,334.66,3011.94,PayPal,Refunded
T000653,2023-08-22 16:38:26,C5163,P104,1,254.53,254.53,Credit Card,Refunded
T000654,2023-10-17 13:59:35,C4141,P270,6,404.11,2424.66,Bank Transfer,Completed
T000655,2023-04-21 10:30:44,C6727,P267,3,412.77,1238.31,PayPal,Failed
T000656,2023-06-23 20:26:32,C5796,P476,1,364.72,364.72,Bank Transfer,Completed
T000657,2023-11-16 17:44:38,C2901,P128,2,71.03,142.06,PayPal,Failed
T000658,2023-09-11 06:57:48,C2689,P286,9,446.39,4017.51,Credit Card,Refunded
T000659,2023-09-25 17:07:53,C2689,P915,10,307.08,3070.8,Credit Card,Failed
T000660,2023-11-08 01:19:36,C2689,P200,8,496.41,3971.28,Bank Transfer,Refunded
T000661,2023-05-23 15:21:40,C9808,P376,7,329.7,2307.9,Credit Card,Completed
T000662,2023-11-10 20:28:41,C9808,P599,5,477.94,2389.7,PayPal,Refunded
T000663,2023-05-29 18:41:52,C9808,P864,4,220.84,883.36,PayPal,Refunded
T000664,2023-01-14 16:14:31,C5229,P359,5,40.47,202.35,PayPal,Completed
T000665,2023-08-15 15:59:33,C2012,P360,1,89.62,89.62,Credit Card,Refunded
T000666,2023-11-14 06:35:30,C2012,P357,10,43.19,431.9,Bank Transfer,Completed
T000667,2023-07-05 18:27:11,C2012,P639,10,383.2,3832.0,Bank Transfer,Failed
T000668,2023-09-17 15:32:51,C5110,P704,9,158.66,1427.94,Bank Transfer,Failed
T000669,2023-03-17 23:22:03,C1236,P516,3,451.58,1354.74,Bank Transfer,Failed
T000670,2023-02-25 13:32:33,C1335,P979,9,472.08,4248.72,PayPal,Failed
T000671,2023-03-12 12:01:13,C1335,P856,7,397.95,2785.65,Bank Transfer,Refunded
T000672,2023-01-18 02:15:04,C1335,P654,7,350.74,2455.18,Credit Card,Completed
T000673,2023-02-19 14:44:44,C8822,P881,7,205.93,1441.51,Bank Transfer,Completed
T000674,2023-11-07 08:46:25,C8250,P648,8,99.67,797.36,Credit Card,Failed
T000675,2023-01-09 04:15:36,C8250,P588,1,14.76,14.76,PayPal,Failed
T000676,2023-03-27 17:07:50,C3813,P328,1,458.68,458.68,Credit Card,Completed
T000677,2023-12-09 10:12:22,C3813,P636,9,248.36,2235.24,PayPal,Failed
T000678,2023-05-30 04:42:50,C3813,P268,10,322.32,3223.2,Credit Card,Refunded
T000679,2023-02-23 00:18:57,C3813,P110,2,44.8,89.6,Bank Transfer,Failed
T000680,2023-12-27 00:34:54,C3813,P922,9,446.86,4021.74,PayPal,Refunded
T000681,2023-08-12 21:46:46,C5454,P218,10,151.43,1514.3,Bank Transfer,Completed
T000682,2023-07-21 22:04:15,C5454,P372,5,443.25,2216.25,Bank Transfer,Failed
T000683,2023-06-13 20:15:36,C5454,P744,2,496.92,993.84,Credit Card,Completed
T000684,2023-06-18 12:07:00,C9409,P894,9,367.24,3305.16,Bank Transfer,Refunded
T000685,2023-06-21 08:32:50,C9634,P260,10,427.3,4273.0,PayPal,Failed
T000686,2023-07-14 10:01:16,C7405,P670,5,494.09,2470.45,Credit Card,Refunded
T000687,2023-03-06 02:09:53,C2114,P560,5,259.14,1295.7,Bank Transfer,Refunded
T000688,2023-06-16 01:41:22,C6600,P941,10,479.94,4799.4,Credit Card,Completed
T000689,2023-05-10 01:38:09,C9916,P106,9,124.83,1123.47,PayPal,Completed
T000690,2023-05-03 02:23:04,C9916,P588,2,441.76,883.52,PayPal,Refunded
T000691,2023-06-01 16:44:48,C9916,P198,6,99.53,597.18,Credit Card,Refunded
T000692,2023-07-13 03:29:47,C9916,P202,4,440.68,1762.72,Credit Card,Failed
T000693,2023-09-15 18:36:30,C9643,P411,10,418.87,4188.7,Bank Transfer,Refunded
T000694,2023-06-14 04:03:21,C2098,P191,1,195.07,195.07,Bank Transfer,Completed
T000695,2023-06-27 15:28:15,C2706,P602,3,268.26,804.78,PayPal,Completed
T000696,2023-10-23 09:36:58,C2036,P419,8,225.81,1806.48,PayPal,Failed
T000697,2023-04-06 12:52:45,C2036,P625,10,304.94,3049.4,PayPal,Completed
T000698,2023-08-18 15:23:51,C1404,P881,10,38.52,385.2,Credit Card,Completed
T000699,2023-09-22 03:00:41,C1416,P868,8,431.52,3452.16,PayPal,Failed
T000700,2023-09-05 06:14:41,C1416,P958,2,147.59,295.18,Credit Card,Completed
T000701,2023-11-25 21:30:25,C4664,P321,9,31.9,287.1,PayPal,Completed
T000702,2023-05-22 01:50:19,C4359,P144,3,101.2,303.6,PayPal,Completed
T000703,2023-06-22 14:57:17,C4359,P503,8,264.87,2118.96,PayPal,Failed
T000704,2023-07-09 19:41:49,C4359,P983,2,323.77,647.54,Credit Card,Refunded
T000705,2023-03-12 18:11:41,C4359,P127,3,237.58,712.74,PayPal,Refunded
T000706,2023-07-05 18:21:50,C4359,P595,9,11.97,107.73,Credit Card,Refunded
T000707,2023-11-05 13:08:49,C6380,P784,2,26.22,52.44,Credit Card,Failed
T000708,2023-10-26 11:19:38,C3435,P962,4,382.64,1530.56,Bank Transfer,Completed
T000709,2023-05-19 09:17:58,C2171,P182,9,260.75,2346.75,Credit Card,Failed
T000710,2023-12-19 20:26:51,C2462,P909,2,135.29,270.58,Bank Transfer,Completed
T000711,2023-04-30 14:15:36,C2462,P241,1,268.56,268.56,Bank Transfer,Refunded
T000712,2023-08-26 07:54:20,C2462,P466,8,204.79,1638.32,PayPal,Failed
T000713,2023-10-18 00:17:29,C4590,P830,7,206.31,1444.17,Credit Card,Refunded
T000714,2023-04-15 17:52:23,C1071,P598,7,311.72,2182.04,PayPal,Completed
T000715,2023-05-31 14:41:53,C1071,P611,1,202.36,202.36,PayPal,Refunded
T000716,2023-01-14 20:45:58,C1071,P557,2,470.22,940.44,PayPal,Failed
T000717,2023-02-19 07:26:48,C1071,P344,7,128.55,899.85,Credit Card,Failed
T000718,2023-06-03 01:44:46,C4383,P233,10,243.78,2437.8,Bank Transfer,Completed
T000719,2023-01-28 12:26:52,C9815,P660,6,408.89,2453.34,PayPal,Completed
T000720,2023-02-02 23:35:58,C4888,P820,5,273.15,1365.75,Bank Transfer,Refunded
T000721,2023-01-11 20:35:16,C4888,P769,5,176.71,883.55,Credit Card,Refunded
T000722,2023-07-08 15:41:25,C1602,P538,8,496.36,3970.88,PayPal,Completed
T000723,2023-12-05 02:38:55,C3565,P488,9,164.33,1478.97,Bank Transfer,Completed
T000724,2023-10-13 14:54:12,C3565,P542,3,316.62,949.86,Credit Card,Refunded
T000725,2023-03-12 18:50:40,C3565,P771,10,185.24,1852.4,PayPal,Failed
T000726,2023-06-30 10:20:29,C6929,P545,4,107.98,431.92,Bank Transfer,Completed
T000727,2023-03-17 05:18:01,C8837,P526,8,438.5,3508.0,Credit Card,Refunded
T000728,2023-02-11 02:10:49,C9456,P267,7,125.86,881.02,PayPal,Completed
T000729,2023-02-01 14:37:55,C7065,P706,1,486.55,486.55,Bank Transfer,Failed
T000730,2023-08-15 22:22:26,C7065,P130,9,189.23,1703.07,Credit Card,Completed
T000731,2023-10-16 08:07:34,C7065,P234,7,289.97,2029.79,Credit Card,Failed
T000732,2023-10-14 16:21:17,C9274,P201,7,27.54,192.78,Bank Transfer,Failed
T000733,2023-01-19 20:50:07,C5334,P144,2,28.22,56.44,Credit Card,Refunded
T000734,2023-10-25 01:36:35,C6678,P575,2,137.5,275.0,Credit Card,Failed
T000735,2023-06-07 05:16:23,C9674,P371,6,428.76,2572.56,PayPal,Refunded
T000736,2023-11-25 02:57:45,C6126,P594,7,44.13,308.91,PayPal,Failed
T000737,2023-02-06 04:16:18,C3586,P850,1,215.49,215.49,Credit Card,Completed
T000738,2023-08-21 22:01:01,C4945,P549,1,388.44,388.44,Credit Card,Refunded
T000739,2023-03-08 09:55:26,C4945,P933,9,304.12,2737.08,PayPal,Failed
T000740,2023-12-17 03:05:03,C3391,P192,5,127.62,638.1,PayPal,Failed
T000741,2023-04-26 04:15:29,C3391,P732,5,273.77,1368.85,Credit Card,Completed
T000742,2023-10-02 08:29:10,C3391,P220,5,184.27,921.35,Credit Card,Failed
T000743,2023-06-30 14:14:24,C3391,P166,9,100.23,902.07,Bank Transfer,Failed
T000744,2023-08-11 04:53:21,C4693,P661,10,379.36,3793.6,PayPal,Completed
T000745,2023-03-18 18:06:52,C4693,P492,6,352.6,2115.6,Bank Transfer,Refunded
T000746,2023-03-08 02:42:00,C4693,P432,6,86.78,520.68,Credit Card,Failed
T000747,2023-10-05 14:29:22,C4693,P889,8,134.22,1073.76,PayPal,Failed
T000748,2023-02-28 12:44:07,C3129,P325,6,110.86,665.16,Credit Card,Completed
T000749,2023-10-19 09:37:14,C4688,P339,5,96.49,482.45,PayPal,Refunded
T000750,2023-03-18 04:55:05,C4688,P560,2,377.4,754.8,Bank Transfer,Refunded
T000751,2023-10-03 17:35:43,C4688,P904,5,118.87,594.35,Bank Transfer,Completed
T000752,2023-08-29 17:56:31,C4688,P549,9,159.23,1433.07,Bank Transfer,Failed
T000753,2023-12-21 19:28:41,C5919,P309,5,100.5,502.5,PayPal,Failed
T000754,2023-05-25 07:56:19,C5919,P539,3,26.31,78.93,Credit Card,Refunded
T000755,2023-04-23 07:31:49,C4838,P709,9,201.95,1817.55,PayPal,Failed
T000756,2023-09-14 22:19:07,C3553,P782,5,53.43,267.15,PayPal,Refunded
T000757,2023-07-11 18:44:16,C3784,P949,5,247.51,1237.55,PayPal,Refunded
T000758,2023-12-06 21:04:46,C4204,P826,5,384.51,1922.55,Bank Transfer,Refunded
T000759,2023-09-12 08:04:07,C1697,P326,9,415.41,3738.69,PayPal,Completed
T000760,2023-11-16 04:57:33,C2598,P124,6,115.46,692.76,PayPal,Failed
T000761,2023-03-24 04:26:48,C8308,P276,6,53.49,320.94,Bank Transfer,Refunded
T000762,2023-03-02 23:42:47,C7997,P301,9,401.7,3615.3,Credit Card,Completed
T000763,2023-12-05 16:24:18,C3431,P712,4,242.95,971.8,PayPal,Refunded
T000764,2023-01-02 20:55:38,C9741,P233,5,417.04,2085.2,PayPal,Refunded
T000765,2023-01-19 00:17:43,C1412,P944,8,99.69,797.52,Bank Transfer,Failed
T000766,2023-12-13 04:00:22,C1412,P481,10,172.62,1726.2,Credit Card,Refunded
T000767,2023-12-10 11:54:49,C1412,P846,5,436.53,2182.65,Credit Card,Completed
T000768,2023-09-10 07:14:02,C1412,P211,8,152.73,1221.84,PayPal,Refunded
T000769,2023-05-22 03:18:42,C1412,P637,9,495.51,4459.59,Credit Card,Refunded
T000770,2023-05-14 08:24:41,C8557,P422,6,333.78,2002.68,Bank Transfer,Failed
T000771,2023-10-11 13:23:01,C7083,P311,5,86.66,433.3,PayPal,Completed
T000772,2023-11-01 19:58:02,C9620,P613,4,44.63,178.52,PayPal,Failed
T000773,2023-12-03 13:56:01,C8742,P503,3,428.38,1285.14,PayPal,Refunded
T000774,2023-01-12 19:27:09,C8742,P592,3,365.6,1096.8,Credit Card,Refunded
T000775,2023-02-28 04:03:27,C8742,P632,9,223.17,2008.53,PayPal,Completed
T000776,2023-06-21 12:07:46,C5081,P968,1,169.09,169.09,Credit Card,Failed
T000777,2023-02-21 15:50:46,C5714,P329,8,84.76,678.08,Credit Card,Refunded
T000778,2023-09-18 15:03:17,C9183,P308,4,405.38,1621.52,PayPal,Refunded
T000779,2023-01-19 19:06:31,C5760,P726,3,402.72,1208.16,PayPal,Failed
T000780,2023-08-10 05:01:17,C3597,P392,9,139.14,1252.26,PayPal,Failed
T000781,2023-01-21 22:05:29,C3597,P116,5,225.74,1128.7,PayPal,Completed
T000782,2023-04-24 07:56:20,C3597,P776,4,142.91,571.64,PayPal,Refunded
T000783,2023-09-10 16:50:07,C6834,P329,1,151.41,151.41,Bank Transfer,Failed
T000784,2023-11-19 17:51:51,C6834,P735,3,188.76,566.28,PayPal,Failed
T000785,2023-12-28 06:57:27,C6834,P991,9,450.2,4051.8,Credit Card,Completed
T000786,2023-10-07 19:48:43,C7868,P249,10,57.66,576.6,Bank Transfer,Completed
T000787,2023-09-29 11:08:44,C1255,P114,1,31.07,31.07,Credit Card,Failed
T000788,2023-12-07 05:13:53,C1255,P954,2,35.39,70.78,PayPal,Refunded
T000789,2023-06-14 11:57:02,C1255,P636,8,178.91,1431.28,PayPal,Completed
T000790,2023-01-26 19:00:55,C1255,P313,2,337.74,675.48,Bank Transfer,Failed
T000791,2023-07-25 17:04:07,C1255,P487,8,94.74,757.92,PayPal,Refunded
T000792,2023-09-17 04:04:38,C3717,P445,9,238.57,2147.13,Credit Card,Completed
T000793,2023-06-09 20:25:27,C3602,P812,3,254.27,762.81,Credit Card,Failed
T000794,2023-01-02 23:47:13,C8325,P461,10,356.14,3561.4,PayPal,Refunded
T000795,2023-07-05 14:37:45,C8325,P629,4,488.97,1955.88,PayPal,Completed
T000796,2023-12-13 16:11:39,C8325,P801,1,459.46,459.46,Bank Transfer,Refunded
T000797,2023-06-20 20:52:05,C8325,P885,8,100.31,802.48,Bank Transfer,Failed
T000798,2023-03-09 03:12:08,C8325,P300,2,363.13,726.26,PayPal,Completed
T000799,2023-02-25 22:35:33,C2991,P702,8,213.4,1707.2,Bank Transfer,Failed
T000800,2023-01-29 06:29:54,C2991,P697,6,173.2,1039.2,PayPal,Refunded
T000801,2023-04-08 17:55:37,C2991,P795,7,203.55,1424.85,Credit Card,Failed
T000802,2023-01-17 02:33:51,C2991,P230,8,88.12,704.96,Credit Card,Failed
T000803,2023-02-20 08:00:40,C4937,P218,3,407.45,1222.35,PayPal,Failed
T000804,2023-08-27 20:24:28,C5439,P785,9,19.3,173.7,Credit Card,Completed
T000805,2023-10-09 00:58:59,C8423,P345,6,292.41,1754.46,PayPal,Refunded
T000806,2023-04-02 17:43:08,C5431,P165,1,290.2,290.2,Credit Card,Refunded
T000807,2023-05-22 20:26:44,C8851,P454,4,462.91,1851.64,Bank Transfer,Failed
T000808,2023-07-20 15:06:49,C5410,P459,7,400.78,2805.46,Credit Card,Refunded
T000809,2023-03-07 20:48:23,C5410,P201,6,51.46,308.76,Credit Card,Completed
T000810,2023-05-24 23:39:40,C5410,P406,2,66.15,132.3,Credit Card,Failed
T000811,2023-10-30 11:33:01,C5410,P490,1,460.0,460.0,PayPal,Completed
T000812,2023-07-09 22:55:03,C9078,P540,9,403.94,3635.46,Bank Transfer,Failed
T000813,2023-08-04 17:55:16,C6184,P830,7,106.82,747.74,Credit Card,Failed
T000814,2023-08-22 15:51:49,C6184,P397,10,351.99,3519.9,PayPal,Failed
T000815,2023-08-05 23:41:55,C6184,P725,5,368.64,1843.2,PayPal,Completed
T000816,2023-09-28 05:20:16,C6184,P821,2,71.81,143.62,PayPal,Failed
T000817,2023-03-08 14:51:21,C8058,P636,9,298.53,2686.77,Bank Transfer,Refunded
T000818,2023-02-11 01:57:53,C8058,P914,10,259.79,2597.9,Credit Card,Refunded
T000819,2023-07-28 13:00:53,C8058,P510,5,214.63,1073.15,Bank Transfer,Failed
T000820,2023-12-25 21:12:25,C8058,P436,8,162.15,1297.2,Credit Card,Failed
T000821,2023-09-21 13:54:46,C7020,P830,4,242.83,971.32,Bank Transfer,Refunded
T000822,2023-11-12 09:42:09,C7020,P655,4,389.92,1559.68,Credit Card,Failed
T000823,2023-09-05 14:49:58,C7020,P642,4,225.33,901.32,Bank Transfer,Refunded
T000824,2023-08-12 06:24:02,C7020,P252,4,267.14,1068.56,PayPal,Refunded
T000825,2023-05-08 20:45:22,C7020,P913,8,399.39,3195.12,Credit Card,Failed
T000826,2023-12-04 17:54:44,C5647,P348,4,479.38,1917.52,PayPal,Refunded
T000827,2023-07-08 17:10:45,C5647,P717,3,390.09,1170.27,PayPal,Refunded
T000828,2023-05-09 01:42:52,C5647,P632,10,275.67,2756.7,PayPal,Refunded
T000829,2023-06-14 08:34:04,C5647,P621,3,467.18,1401.54,Bank Transfer,Failed
T000830,2023-04-05 16:13:12,C5647,P546,7,140.59,984.13,Bank Transfer,Completed
T000831,2023-07-17 06:39:21,C6884,P925,2,82.87,165.74,PayPal,Failed
T000832,2023-05-04 18:10:55,C5498,P730,5,58.9,294.5,PayPal,Failed
T000833,2023-11-06 02:41:07,C5498,P755,6,115.19,691.14,PayPal,Failed
T000834,2023-05-20 23:45:11,C9069,P837,7,153.05,1071.35,PayPal,Refunded
T000835,2023-05-22 15:05:30,C1160,P212,2,406.64,813.28,Bank Transfer,Failed
T000836,2023-02-11 15:03:22,C1160,P447,4,320.58,1282.32,Credit Card,Refunded
T000837,2023-03-25 11:29:30,C8329,P274,6,64.51,387.06,Bank Transfer,Failed
T000838,2023-07-16 05:04:21,C6343,P991,10,426.47,4264.7,Credit Card,Completed
T000839,2023-06-06 03:07:48,C6343,P589,4,335.83,1343.32,Bank Transfer,Completed
T000840,2023-05-28 06:29:00,C6343,P637,6,85.15,510.9,PayPal,Failed
T000841,2023-10-31 03:44:46,C6343,P699,1,423.73,423.73,PayPal,Completed
T000842,2023-01-30 00:14:33,C5107,P703,3,392.38,1177.14,Credit Card,Failed
T000843,2023-08-06 05:39:32,C8664,P877,9,257.94,2321.46,Bank Transfer,Refunded
T000844,2023-06-19 02:36:49,C8664,P807,9,455.6,4100.4,PayPal,Failed
T000845,2023-01-15 14:47:14,C8664,P618,3,139.21,417.63,PayPal,Completed
T000846,2023-07-26 19:38:40,C8664,P976,7,360.79,2525.53,Credit Card,Completed
T000847,2023-05-07 19:10:14,C2471,P376,1,474.87,474.87,Credit Card,Failed
T000848,2023-12-18 13:50:33,C9934,P908,5,399.99,1999.95,PayPal,Failed
T000849,2023-09-18 14:40:19,C9934,P675,5,56.1,280.5,PayPal,Failed
T000850,2023-03-22 02:24:00,C9934,P397,4,341.17,1364.68,Credit Card,Refunded
T000851,2023-03-26 07:54:51,C9934,P121,7,214.1,1498.7,PayPal,Failed
T000852,2023-06-25 23:54:07,C9625,P856,7,456.68,3196.76,Credit Card,Failed
T000853,2023-03-25 00:28:43,C7672,P401,7,20.22,141.54,PayPal,Failed
T000854,2023-08-28 12:56:02,C2789,P792,1,54.12,54.12,PayPal,Refunded
T000855,2023-11-25 21:35:28,C3248,P512,6,134.48,806.88,Credit Card,Failed
T000856,2023-12-30 09:45:02,C1746,P351,1,392.9,392.9,PayPal,Completed
T000857,2023-01-17 08:50:10,C9172,P363,9,267.7,2409.3,Credit Card,Refunded
T000858,2023-01-17 22:05:05,C4599,P574,3,431.71,1295.13,Bank Transfer,Refunded
T000859,2023-10-04 11:06:30,C3831,P336,9,311.17,2800.53,Credit Card,Refunded
T000860,2023-11-07 21:51:00,C3831,P354,6,459.1,2754.6,Bank Transfer,Completed
T000861,2023-08-06 04:19:10,C6796,P282,6,29.94,179.64,Bank Transfer,Refunded
T000862,2023-02-12 01:54:34,C6796,P988,5,40.66,203.3,Credit Card,Refunded
T000863,2023-09-04 17:44:07,C6796,P260,6,307.82,1846.92,PayPal,Failed
T000864,2023-01-27 05:30:57,C6796,P459,6,349.9,2099.4,Bank Transfer,Refunded
T000865,2023-11-23 14:15:12,C5756,P796,5,462.34,2311.7,Credit Card,Completed
T000866,2023-07-11 16:27:29,C5756,P382,10,330.98,3309.8,Credit Card,Refunded
T000867,2023-12-13 16:02:43,C9605,P233,3,84.85,254.55,Bank Transfer,Completed
T000868,2023-11-16 05:39:15,C5614,P739,5,207.47,1037.35,Bank Transfer,Failed
T000869,2023-07-05 20:02:26,C5638,P359,5,92.62,463.1,Credit Card,Failed
T000870,2023-08-13 00:51:45,C5638,P350,3,435.44,1306.32,PayPal,Completed
T000871,2023-04-05 05:11:29,C7900,P239,2,190.97,381.94,Bank Transfer,Completed
T000872,2023-05-26 09:58:09,C3287,P533,8,150.25,1202.0,PayPal,Failed
T000873,2023-04-21 21:00:38,C3287,P622,9,380.38,3423.42,PayPal,Refunded
T000874,2023-01-20 09:19:00,C3287,P863,4,281.72,1126.88,Bank Transfer,Refunded
T000875,2023-08-03 20:24:35,C3287,P559,6,66.25,397.5,Credit Card,Failed
